input_data,month,cur_duration,opening_balance,interest,capital,month_payment,cpi,closing_balance,monthly_income,monthly_investment
"{'number_program': 0, 'amount': 1000000, 'chanel': 'זכאות', 'amortization': 'קרן שווה', 'duration': 360, 'interest': 0.06, 'cpi': 0.04, 'month_interest_change': 0, 'interest_change': 0, 'grace': 0, 'payoff_amount': 0, 'payoff_month': 0, 'payoff_format': '', 'full_or_partial_payoff': ''}",1,360,1003333.3333333334,5016.666666666667,2787.037037037037,7803.703703703704,3335.1543209876545,1003881.4506172839,12000,4196.296296296296
,2,359,1003881.4506172839,5019.40725308642,2796.3271604938273,7815.734413580247,3336.950411522634,1004422.0738683128,12000,4184.265586419753
,3,358,1004422.0738683128,5022.1103693415635,2805.6482510288065,7827.75862037037,3338.72141872428,1004955.1470360082,12000,4172.24137962963
,4,357,1004955.1470360082,5024.775735180041,2815.0004118655693,7839.77614704561,3340.467155413809,1005480.6137795565,12000,4160.22385295439
,5,356,1005480.6137795565,5027.403068897783,2824.383746571788,7851.786815469571,3342.1874334432823,1005998.4174664279,12000,4148.213184530429
,6,355,1005998.4174664279,5029.99208733214,2833.7983590603603,7863.790446392501,3343.8820636912255,1006508.5011710589,12000,4136.209553607499
,7,354,1006508.5011710589,5032.542505855295,2843.244353590562,7875.786859445856,3345.550856058228,1007010.8076735266,12000,4124.213140554144
,8,353,1007010.8076735266,5035.054038367633,2852.721834769197,7887.77587313683,3347.1936194625246,1007505.2794582199,12000,4112.22412686317
,9,352,1007505.2794582199,5037.5263972911,2862.230907551761,7899.75730484286,3348.810161835561,1007991.8587125037,12000,4100.24269515714
,10,351,1007991.8587125037,5039.959293562519,2871.7716772436,7911.730970806118,3350.4002901175336,1008470.4873253775,12000,4088.2690291938816
,11,350,1008470.4873253775,5042.3524366268875,2881.3442495010786,7923.696686127966,3351.9638102529216,1008941.1068861294,12000,4076.303313872034
,12,349,1008941.1068861294,5044.705534430647,2890.9487303327487,7935.654264763396,3353.5005271859886,1009403.6586829826,12000,4064.345735236604
,13,348,1009403.6586829826,5047.0182934149125,2900.585226100525,7947.603519515437,3355.010244856274,1009858.0837017383,12000,4052.3964804845627
,14,347,1009858.0837017383,5049.290418508692,2910.2538435208594,7959.544262029551,3356.4927661940583,1010304.3226244114,12000,4040.4557379704493
,15,346,1010304.3226244114,5051.521613122058,2919.954689665929,7971.476302787987,3357.9478931158187,1010742.3158278613,12000,4028.523697212013
,16,345,1010742.3158278613,5053.711579139307,2929.6878719648153,7983.399451104122,3359.3754265196553,1011172.0033824162,12000,4016.600548895878
,17,344,1011172.0033824162,5055.860016912081,2939.4534982046985,7995.313515116779,3360.7751662807054,1011593.3250504922,12000,4004.686484883221
,18,343,1011593.3250504922,5057.966625252461,2949.251676532047,8007.218301784508,3362.146911246534,1012006.2202852067,12000,3992.781698215492
,19,342,1012006.2202852067,5060.031101426033,2959.0825154538206,8019.113616879854,3363.4904592325097,1012410.6282289854,12000,3980.886383120146
,20,341,1012410.6282289854,5062.0531411449265,2968.9461238386666,8030.999264983593,3364.805607017156,1012806.4877121638,12000,3969.000735016407
,21,340,1012806.4877121638,5064.032438560819,2978.8426109181287,8042.875049478947,3366.092150337486,1013193.7372515833,12000,3957.1249505210526
,22,339,1013193.7372515833,5065.9686862579165,2988.7720862878564,8054.740772545772,3367.3498838843184,1013572.3150491797,12000,3945.2592274542276
,23,338,1013572.3150491797,5067.861575245899,2998.7346599088155,8066.596235154715,3368.57860129757,1013942.1589905685,12000,3933.403764845285
,24,337,1013942.1589905685,5069.710794952843,3008.730442108512,8078.4412370613545,3369.7780951615337,1014303.2066436216,12000,3921.5587629386455
,25,336,1014303.2066436216,5071.516033218108,3018.759543582207,8090.275576800314,3370.9481570001312,1014655.3952570395,12000,3909.7244231996856
,26,335,1014655.3952570395,5073.276976285198,3028.8220753941478,8102.099051679345,3372.0885772721513,1014998.6617589175,12000,3897.9009483206546
,27,334,1014998.6617589175,5074.993308794587,3038.9181489787948,8113.911457773382,3373.1991453664623,1015332.9427553051,12000,3886.0885422266183
,28,333,1015332.9427553051,5076.664713776526,3049.0478761420572,8125.712589918583,3374.27964959721,1015658.1745287603,12000,3874.287410081417
,29,332,1015658.1745287603,5078.290872643802,3059.211369062531,8137.502241706333,3375.3298771989926,1015974.2930368967,12000,3862.497758293667
,30,331,1015974.2930368967,5079.871465184484,3069.4087402927394,8149.280205477224,3376.3496143220136,1016281.233910926,12000,3850.7197945227763
,31,330,1016281.233910926,5081.406169554631,3079.640102760382,8161.046272315012,3377.338646027219,1016578.9324541929,12000,3838.953727684988
,32,329,1016578.9324541929,5082.894662270965,3089.905569769583,8172.800232040548,3378.2967562814115,1016867.3236407047,12000,3827.1997679594524
,33,328,1016867.3236407047,5084.336618203523,3100.2052550021485,8184.541873205671,3379.2237279523424,1017146.342113655,12000,3815.4581267943286
,34,327,1017146.342113655,5085.731710568275,3110.5392725188226,8196.270983087097,3380.1193428037873,1017415.92218394,12000,3803.729016912903
,35,326,1017415.92218394,5087.0796109197,3120.907736760552,8207.987347680251,3380.9833814905983,1017675.99782867,12000,3792.0126523197487
,36,325,1017675.99782867,5088.37998914335,3131.3107625497537,8219.690751693104,3381.8156235537344,1017926.5026896739,12000,3780.309248306896
,37,324,1017926.5026896739,5089.6325134483695,3141.7484650915862,8231.380978539955,3382.615847415275,1018167.3700719976,12000,3768.6190214600447
,38,323,1018167.3700719976,5090.836850359989,3152.220959975225,8243.057810335213,3383.3838303734083,1018398.5329423958,12000,3756.9421896647873
,39,322,1018398.5329423958,5091.992664711979,3162.728363175142,8254.72102788712,3384.119348597402,1018619.923927818,12000,3745.2789721128793
,40,321,1018619.923927818,5093.09961963909,3173.2707910523923,8266.370410691481,3384.822177122552,1018831.4753138882,12000,3733.629589308519
,41,320,1018831.4753138882,5094.157376569441,3183.8483603559007,8278.00573692534,3385.492089845108,1019033.1190433773,12000,3721.994263074659
,42,319,1019033.1190433773,5095.165595216887,3194.4611882237537,8289.62678344064,3386.1288595171786,1019224.7867146707,12000,3710.373216559359
,43,318,1019224.7867146707,5096.1239335733535,3205.109392184499,8301.233325757852,3386.7322577416207,1019406.4095802278,12000,3698.766674242148
,44,317,1019406.4095802278,5097.032047901139,3215.7930901584473,8312.825138059587,3387.302054966898,1019577.9185450362,12000,3687.1748619404134
,45,316,1019577.9185450362,5097.8895927251815,3226.512400458975,8324.401993184158,3387.838020481924,1019739.2441650591,12000,3675.5980068158424
,46,315,1019739.2441650591,5098.696220825295,3237.2674417938383,8335.963662619133,3388.3399224108844,1019890.3166456762,12000,3664.036337380867
,47,314,1019890.3166456762,5099.4515832283805,3248.0583332664846,8347.509916494866,3388.8075277080325,1020031.0658401176,12000,3652.490083505134
,48,313,1020031.0658401176,5100.155329200588,3258.8851943773725,8359.040523577962,3389.2406021524675,1020161.4212478927,12000,3640.9594764220383
,49,312,1020161.4212478927,5100.807106239464,3269.748145025297,8370.555251264761,3389.6389103428914,1020281.3120132103,12000,3629.444748735239
,50,311,1020281.3120132103,5101.4065600660515,3280.6473055087145,8382.053865574766,3390.0022156923387,1020390.6669233938,12000,3617.946134425234
,51,310,1020390.6669233938,5101.953334616969,3291.582796527077,8393.536131144047,3390.3302804228892,1020489.4144072897,12000,3606.4638688559535
,52,309,1020489.4144072897,5102.447072036449,3302.5547391821674,8405.001811218615,3390.622865560359,1020577.4825336679,12000,3594.9981887813847
,53,308,1020577.4825336679,5102.8874126683395,3313.5632549794414,8416.450667647781,3390.879730928962,1020654.7990096174,12000,3583.5493323522187
,54,307,1020654.7990096174,5103.273995048087,3324.6084658293726,8427.88246087746,3391.1006351459605,1020721.2911789339,12000,3572.1175391225406
,55,306,1020721.2911789339,5103.60645589467,3335.690494048804,8439.296949943473,3391.285335616284,1020776.8860205015,12000,3560.703050056527
,56,305,1020776.8860205015,5103.884430102507,3346.8094623623,8450.693892464808,3391.4335885271307,1020821.5101466663,12000,3549.3061075351925
,57,304,1020821.5101466663,5104.107550733332,3357.9654939035076,8462.07304463684,3391.545148842543,1020855.0898016053,12000,3537.9269553631602
,58,303,1020855.0898016053,5104.275449008027,3369.1587122165192,8473.434161224546,3391.619770297963,1020877.5508596868,12000,3526.565838775454
,59,302,1020877.5508596868,5104.387754298434,3380.389241257241,8484.776995555674,3391.6572053947657,1020888.8188238244,12000,3515.223004444326
,60,301,1020888.8188238244,5104.444094119122,3391.6572053947652,8496.101299513888,3391.6572053947657,1020888.8188238244,12000,3503.898700486112
,61,300,1020888.8188238244,5104.444094119122,3402.962729412748,8507.40682353187,3391.619520314706,1020877.4756147264,12000,3492.59317646813
,62,299,1020877.4756147264,5104.387378073632,3414.305938510791,8518.693316584424,3391.543898920719,1020854.7135751364,12000,3481.306683415576
,63,298,1020854.7135751364,5104.273567875682,3425.686958305827,8529.960526181509,3391.430088722769,1020820.4567055533,12000,3470.0394738184914
,64,297,1020820.4567055533,5104.102283527767,3437.105914833513,8541.20819836128,3391.2778359690665,1020774.628626689,12000,3458.7918016387193
,65,296,1020774.628626689,5103.8731431334445,3448.562934549625,8552.436077683069,3391.0868856404645,1020717.1525777798,12000,3447.563922316931
,66,295,1020717.1525777798,5103.585762888899,3460.0581443314572,8563.643907220356,3390.8569814448283,1020647.9514148933,12000,3436.3560927796443
,67,294,1020647.9514148933,5103.239757074466,3471.591671479229,8574.831428553694,3390.58786581138,1020566.9476092254,12000,3425.1685714463056
,68,293,1020566.9476092254,5102.834738046127,3483.163643717493,8585.99838176362,3390.2792798850264,1020474.0632453929,12000,3414.0016182363797
,69,292,1020474.0632453929,5102.370316226965,3494.774189196551,8597.144505423516,3389.9309635206546,1020369.220019717,12000,3402.8554945764845
,70,291,1020369.220019717,5101.846100098585,3506.423436493873,8608.26953659246,3389.5426552774106,1020252.3392385006,12000,3391.730463407541
,71,290,1020252.3392385006,5101.261696192503,3518.1115146155194,8619.373210808022,3389.1140924129504,1020123.3418162981,12000,3380.626789191978
,72,289,1020123.3418162981,5100.616709081491,3529.8385529975712,8630.455262079062,3388.6450108776685,1019982.1482741782,12000,3369.544737920938
,73,288,1019982.1482741782,5099.910741370891,3541.604681507563,8641.515422878454,3388.1351453089023,1019828.6787379795,12000,3358.484577121546
,74,287,1019828.6787379795,5099.1433936898975,3553.4100304459216,8652.553424135818,3387.584229025112,1019662.8529365587,12000,3347.446575864182
,75,286,1019662.8529365587,5098.314264682794,3565.2547305474077,8663.568995230202,3386.9919940200375,1019484.5902000313,12000,3336.431004769798
,76,285,1019484.5902000313,5097.422951000157,3577.138912982566,8674.561863982723,3386.3581709568293,1019293.8094580056,12000,3325.4381360172774
,77,284,1019293.8094580056,5096.469047290028,3589.0627093591747,8685.531756649203,3385.682489162155,1019090.4292378086,12000,3314.468243350797
,78,283,1019090.4292378086,5095.452146189043,3601.026251723705,8696.478397912748,3384.9646766202827,1018874.3676627051,12000,3303.521602087252
,79,282,1018874.3676627051,5094.371838313526,3613.029672562784,8707.401510876309,3384.2044599671417,1018645.5424501095,12000,3292.5984891236913
,80,281,1018645.5424501095,5093.2277122505475,3625.07310480466,8718.300817055208,3383.40156448435,1018403.8709097892,12000,3281.6991829447925
,81,280,1018403.8709097892,5092.0193545489465,3637.1566818206757,8729.176036369623,3382.5557140932287,1018149.2699420619,12000,3270.823963630377
,82,279,1018149.2699420619,5090.746349710309,3649.280537426745,8740.026887137054,3381.666631348784,1017881.6560359839,12000,3259.9731128629464
,83,278,1017881.6560359839,5089.4082801799195,3661.4448058848343,8750.853086064753,3380.7340374336636,1017600.9452675327,12000,3249.1469139352466
,84,277,1017600.9452675327,5088.004726337664,3673.64962190445,8761.654348242115,3379.7576521520946,1017307.0532977803,12000,3238.345651757885
,85,276,1017307.0532977803,5086.5352664889015,3685.8951206441316,8772.430387133034,3378.737193923788,1016999.89537106,12000,3227.569612866966
,86,275,1016999.89537106,5084.9994768553,3698.1814377129454,8783.180914568245,3377.6723797778236,1016679.3863131248,12000,3216.8190854317545
,87,274,1016679.3863131248,5083.396931565624,3710.5087091719884,8793.905640737612,3376.5629253465095,1016345.4405292993,12000,3206.094359262388
,88,273,1016345.4405292993,5081.727202646497,3722.877071535895,8804.604274182391,3375.4085448592114,1015997.9720026227,12000,3195.3957258176088
,89,272,1015997.9720026227,5079.989860013114,3735.286661774348,8815.276521787462,3374.208951136161,1015636.8942919845,12000,3184.723478212538
,90,271,1015636.8942919845,5078.184471459923,3747.737617313596,8825.92208877352,3372.9638555822366,1015262.1205302532,12000,3174.077911226481
,91,270,1015262.1205302532,5076.310602651266,3760.230076037975,8836.540678689242,3371.672968180718,1014873.563422396,12000,3163.4593213107582
,92,269,1014873.563422396,5074.36781711198,3772.764176291435,8847.131993403415,3370.3359974870154,1014471.1352435916,12000,3152.8680065965855
,93,268,1014471.1352435916,5072.355676217958,3785.340056879073,8857.69573309703,3368.952650622375,1014054.7478373349,12000,3142.304266902969
,94,267,1014054.7478373349,5070.273739186675,3797.95785706867,8868.231596255344,3367.5226332675543,1013624.3126135338,12000,3131.768403744656
,95,266,1013624.3126135338,5068.121563067669,3810.6177165922322,8878.739279659902,3366.045649656472,1013179.740546598,12000,3121.2607203400985
,96,265,1013179.740546598,5065.89870273299,3823.3197756475397,8889.21847838053,3364.521402569835,1012720.9421735203,12000,3110.7815216194704
,97,264,1012720.9421735203,5063.604710867602,3836.064174899698,8899.6688857673,3362.949593328736,1012247.8275919494,12000,3100.3311142327
,98,263,1012247.8275919494,5061.239137959747,3848.851055482697,8910.090193442444,3361.3299217882222,1011760.3064582548,12000,3089.9098065575563
,99,262,1011760.3064582548,5058.801532291274,3861.6805590009726,8920.482091292248,3359.6620863308467,1011258.2879855847,12000,3079.517908707752
,100,261,1011258.2879855847,5056.291439927923,3874.5528275309757,8930.844267458899,3357.9457838601793,1010741.6809419139,12000,3069.1557325411013
,101,260,1010741.6809419139,5053.70840470957,3887.4680036227455,8941.176408332314,3356.180709794304,1010210.3936480854,12000,3058.823591667686
,102,259,1010210.3936480854,5051.051968240427,3900.426230301488,8951.478198541916,3354.36655805928,1009664.3339758432,12000,3048.521801458084
,103,258,1009664.3339758432,5048.321669879216,3913.4276510691593,8961.749320948375,3352.5030210825803,1009103.4093458566,12000,3038.2506790516254
,104,257,1009103.4093458566,5045.517046729284,3926.472409906057,8971.98945663534,3350.589789786502,1008527.526725737,12000,3028.0105433646604
,105,256,1008527.526725737,5042.637633628685,3939.5606512724103,8982.198284901095,3348.6265535815487,1007936.5926280462,12000,3017.8017150989053
,106,255,1007936.5926280462,5039.682963140231,3952.692520109985,8992.375483250216,3346.6130003597877,1007330.513108296,12000,3007.6245167497837
,107,254,1007330.513108296,5036.65256554148,3965.868161843685,9002.520727385165,3344.5488164881745,1006709.1937629404,12000,2997.4792726148353
,108,253,1006709.1937629404,5033.545968814702,3979.0877223831635,9012.633691197865,3342.433686801857,1006072.539727359,12000,2987.366308802135
,109,252,1006072.539727359,5030.362698636795,3992.3513481244404,9022.714046761235,3340.2672945974487,1005420.455673832,12000,2977.2859532387647
,110,251,1005420.455673832,5027.10227836916,4005.659185951522,9032.761464320682,3338.049321626268,1004752.8458095067,12000,2967.2385356793184
,111,250,1004752.8458095067,5023.764229047533,4019.011383238027,9042.77561228556,3335.7794480875627,1004069.6138743563,12000,2957.224387714439
,112,249,1004069.6138743563,5020.348069371781,4032.4080878488203,9052.756157220601,3333.457352621692,1003370.6631391292,12000,2947.2438427793986
,113,248,1003370.6631391292,5016.853315695646,4045.84944814165,9062.702763837297,3331.082712303292,1002655.8964032908,12000,2937.2972361627035
,114,247,1002655.8964032908,5013.2794820164545,4059.3356129687886,9072.615094985244,3328.655202634407,1001925.2159929564,12000,2927.3849050147564
,115,246,1001925.2159929564,5009.626079964783,4072.8667316786846,9082.492811643468,3326.1744975375927,1001178.5237588153,12000,2917.5071883565324
,116,245,1001178.5237588153,5005.892618794076,4086.442954117613,9092.335572911688,3323.640269348992,1000415.7210740466,12000,2907.6644270883116
,117,244,1000415.7210740466,5002.078605370233,4100.064430631339,9102.143036001573,3321.0521888113844,999636.7088322266,12000,2897.856963998427
,118,243,999636.7088322266,4998.183544161133,4113.731312066776,9111.914856227908,3318.4099250671993,998841.387445227,12000,2888.085143772092
,119,242,998841.387445227,4994.206937226135,4127.443749773665,9121.650686999801,3315.7131456515112,998029.6568411049,12000,2878.349313000199
,120,241,998029.6568411049,4990.148284205525,4141.201895606244,9131.350179811769,3312.9615164849956,997201.4164619836,12000,2868.6498201882314
,121,240,997201.4164619836,4986.007082309918,4155.005901924932,9141.01298423485,3310.1547018668625,996356.5652619256,12000,2858.9870157651494
,122,239,996356.5652619256,4981.782826309628,4168.855921598015,9150.638747907644,3307.2923644677585,995495.0017047953,12000,2849.361252092356
,123,238,995495.0017047953,4977.475008523977,4182.752108003341,9160.227116527318,3304.37416532264,994616.6237621146,12000,2839.772883472682
,124,237,994616.6237621146,4973.083118810573,4196.694615030019,9169.777733840592,3301.3997638236156,993721.3289109082,12000,2830.222266159408
,125,236,993721.3289109082,4968.606644554541,4210.683597080119,9179.29024163466,3298.36881771276,992809.0141315408,12000,2820.7097583653394
,126,235,992809.0141315408,4964.045070657704,4224.719209070387,9188.76427972809,3295.2809830749015,991879.5759055453,12000,2811.2357202719104
,127,234,991879.5759055453,4959.397879527726,4238.8016064339545,9198.19948596168,3292.135914330371,990932.9102134417,12000,2801.8005140383193
,128,233,990932.9102134417,4954.664551067209,4252.930945122067,9207.595496189275,3288.9332642277323,989968.9125325474,12000,2792.404503810725
,129,232,989968.9125325474,4949.844562662737,4267.107381605808,9216.951944268545,3285.672683836472,988987.477834778,12000,2783.048055731455
,130,231,988987.477834778,4944.937389173891,4281.331072877827,9226.268462051718,3282.3538225396674,987988.5005844398,12000,2773.7315379482825
,131,230,987988.5005844398,4939.942502922199,4295.6021764540865,9235.544679376286,3278.9763280266197,986971.8747360124,12000,2764.455320623714
,132,229,986971.8747360124,4934.859373680062,4309.9208503756,9244.780224055663,3275.5398462854564,985937.4937319224,12000,2755.219775944337
,133,228,985937.4937319224,4929.687468659612,4324.287253210186,9253.974721869798,3272.0440215957074,984885.2505003079,12000,2746.0252781302024
,134,227,984885.2505003079,4924.426252501539,4338.70154405422,9263.12779655576,3268.4884965208457,983815.0374527745,12000,2736.87220344424
,135,226,983815.0374527745,4919.075187263872,4353.163882534401,9272.239069798274,3264.872911900801,982726.7464821409,12000,2727.7609302017263
,136,225,982726.7464821409,4913.633732410704,4367.674428809515,9281.308161220219,3261.1969068444378,981620.2689601757,12000,2718.6918387797814
,137,224,981620.2689601757,4908.101344800879,4382.233343572213,9290.334688373092,3257.460118722012,980495.4957353255,12000,2709.665311626908
,138,223,980495.4957353255,4902.4774786766275,4396.840788050787,9299.318266727414,3253.6621831575826,979352.3171304323,12000,2700.681733272586
,139,222,979352.3171304323,4896.761585652162,4411.496924010957,9308.25850966312,3249.802734021405,978190.6229404429,12000,2691.741490336881
,140,221,978190.6229404429,4890.953114702214,4426.20191375766,9317.155028459874,3245.881403422284,977010.3024301075,12000,2682.8449715401257
,141,220,977010.3024301075,4885.051512150538,4440.955920136852,9326.00743228739,3241.897821699902,975811.2443316705,12000,2673.9925677126103
,142,219,975811.2443316705,4879.056221658352,4455.759106537308,9334.81532819566,3237.8516174171104,974593.3368425502,12000,2665.18467180434
,143,218,974593.3368425502,4872.966684212751,4470.611636892432,9343.578321105182,3233.7424173521927,973356.4676230099,12000,2656.421678894818
,144,217,973356.4676230099,4866.78233811505,4485.513675682073,9352.296013797124,3229.569846491093,972100.5237938189,12000,2647.703986202876
,145,216,972100.5237938189,4860.502618969094,4500.465387934347,9360.96800690344,3225.333528019615,970825.3919339041,12000,2639.0319930965597
,146,215,970825.3919339041,4854.126959669521,4515.466939227461,9369.593898896983,3221.0330833155895,969530.9580779923,12000,2630.406101103017
,147,214,969530.9580779923,4847.654790389962,4530.518495691553,9378.173286081514,3216.6681319410027,968217.1077142417,12000,2621.8267139184863
,148,213,968217.1077142417,4841.085538571208,4545.620224010525,9386.705762581732,3212.238291634104,966883.7257818653,12000,2613.2942374182676
,149,212,966883.7257818653,4834.418628909327,4560.772291423893,9395.19092033322,3207.7431783014717,965530.6966687429,12000,2604.8090796667802
,150,211,965530.6966687429,4827.6534833437145,4575.974865728639,9403.628349072354,3203.182406010048,964157.9042090243,12000,2596.3716509276455
,151,210,964157.9042090243,4820.789521045122,4591.228115281068,9412.017636326189,3198.555586979144,962765.2316807223,12000,2587.982363673811
,152,209,962765.2316807223,4813.826158403612,4606.532208998671,9420.358367402283,3193.862331572412,961352.5618032961,12000,2579.641632597717
,153,208,961352.5618032961,4806.762809016481,4621.887316362,9428.65012537848,3189.1022482897806,959919.7767352238,12000,2571.349874621519
,154,207,959919.7767352238,4799.598883676119,4637.29360741654,9436.892491092658,3184.274943759358,958466.7580715666,12000,2563.107508907342
,155,206,958466.7580715666,4792.333790357833,4652.751252774595,9445.085043132429,3179.380022729307,956993.3868415212,12000,2554.914956867571
,156,205,956993.3868415212,4784.966934207607,4668.2604236171765,9453.227357824784,3174.4170880596803,955499.5435059638,12000,2546.772642175216
,157,204,955499.5435059638,4777.497717529819,4683.821291695901,9461.319009225721,3169.3857407142264,953985.1079549821,12000,2538.680990774279
,158,203,953985.1079549821,4769.92553977491,4699.434029334887,9469.359569109798,3164.2855797521574,952449.9595053993,12000,2530.640430890202
,159,202,952449.9595053993,4762.249797526997,4715.09880943267,9477.348606959667,3159.116202319889,950893.9768982865,12000,2522.6513930403326
,160,201,950893.9768982865,4754.469884491433,4730.815805464112,9485.285689955545,3153.8772036427413,949317.0382964651,12000,2514.7143100444555
,161,200,949317.0382964651,4746.585191482325,4746.585191482325,9493.17038296465,3148.5681770166093,947719.0212819993,12000,2506.8296170353497
,162,199,947719.0212819993,4738.595106409996,4762.4071421206,9501.002248530596,3143.188713799596,946099.8028536782,12000,2498.9977514694037
,163,198,946099.8028536782,4730.499014268391,4778.281832594334,9508.780846862726,3137.738403403613,944459.2594244876,12000,2491.2191531372737
,164,197,944459.2594244876,4722.296297122438,4794.209438702983,9516.50573582542,3132.2168332859487,942797.2668190706,12000,2483.49426417458
,165,196,942797.2668190706,4713.9863340953525,4810.190136831992,9524.176470927345,3126.6235889407953,941113.7002711794,12000,2475.823529072655
,166,195,941113.7002711794,4705.568501355897,4826.224103954766,9531.792605310664,3120.9582538907493,939408.4344211154,12000,2468.207394689336
,167,194,939408.4344211154,4697.042172105577,4842.3115176346155,9539.353689740194,3115.2204096782693,937681.3433131591,12000,2460.6463102598063
,168,193,937681.3433131591,4688.406716565795,4858.452556026731,9546.859272592526,3109.409635857108,935932.3003929894,12000,2453.1407274074736
,169,192,935932.3003929894,4679.661501964947,4874.647397880153,9554.3088998451,3103.5255099836977,934161.1785050929,12000,2445.6911001548997
,170,191,934161.1785050929,4670.8058925254645,4890.896222539754,9561.702115065218,3097.5676076085106,932367.8498901617,12000,2438.297884934782
,171,190,932367.8498901617,4661.839249450808,4907.1992099482195,9569.038459399027,3091.5355022673784,930552.1861824809,12000,2430.9615406009725
,172,189,930552.1861824809,4652.760930912405,4923.556540648047,9576.317471560451,3085.428765472776,928714.0584073055,12000,2423.682528439549
,173,188,928714.0584073055,4643.5702920365275,4939.96839578354,9583.538687820066,3079.246966705073,926853.336978227,12000,2416.461312179934
,174,187,926853.336978227,4634.266684891135,4956.434957102818,9590.701641993954,3072.9896734037475,924969.8916945279,12000,2409.2983580060463
,175,186,924969.8916945279,4624.8494584726395,4972.956406959827,9597.805865432467,3066.6564509585605,923063.5917385267,12000,2402.194134567533
,176,185,923063.5917385267,4615.3179586926335,4989.532928316361,9604.850887008994,3060.246862700701,921134.305672911,12000,2395.1491129910064
,177,184,921134.305672911,4605.671528364555,5006.164704744081,9611.836233108635,3053.76046989389,919181.9014380608,12000,2388.1637668913645
,178,183,919181.9014380608,4595.909507190304,5022.851920426562,9618.761427616866,3047.1968317254477,917206.2463493596,12000,2381.238572383134
,179,182,917206.2463493596,4586.031231746798,5039.594760161317,9625.625991908115,3040.5555052973277,915207.2070944957,12000,2374.374008091885
,180,181,915207.2070944957,4576.036035472478,5056.3934093618545,9632.429444834332,3033.836045617113,913184.6497307509,12000,2367.5705551656683
,181,180,913184.6497307509,4565.923248653755,5073.248054059727,9639.171302713483,3027.038005588971,911138.4396822802,12000,2360.828697286517
,182,179,911138.4396822802,4555.692198411401,5090.158880906593,9645.851079317994,3020.1609360045786,909068.4417373781,12000,2354.148920682006
,183,178,909068.4417373781,4545.34220868689,5107.126077176282,9652.468285863171,3013.204385534006,906974.5200457359,12000,2347.5317141368287
,184,177,906974.5200457359,4534.872600228679,5124.149830766869,9659.022430995548,3006.1679007165635,904856.5381156856,12000,2340.9775690044517
,185,176,904856.5381156856,4524.282690578428,5141.2303302027585,9665.513020781185,2999.0510259516095,902714.3588114345,12000,2334.4869792188147
,186,175,902714.3588114345,4513.571794057172,5158.367764636769,9671.93955869394,2991.8533034893258,900547.844350287,12000,2328.060441306059
,187,174,900547.844350287,4502.739221751435,5175.562323852224,9678.30154560366,2984.5742734214496,898356.8562998562,12000,2321.698454396341
,188,173,898356.8562998562,4491.784281499281,5192.814198265065,9684.598479764347,2977.2134736719704,896141.255575263,12000,2315.401520235653
,189,172,896141.255575263,4480.706277876316,5210.123578925948,9690.829856802264,2969.7704399877903,893900.9024363249,12000,2309.1701431977363
,190,171,893900.9024363249,4469.504512181625,5227.490657522368,9696.995169703992,2962.2447059293418,891635.6564847318,12000,2303.0048302960076
,191,170,891635.6564847318,4458.178282423659,5244.915626380775,9703.093908804434,2954.6358028611703,889345.3766612122,12000,2296.9060911955658
,192,169,889345.3766612122,4446.726883306061,5262.398678468711,9709.125561774772,2946.9432599424786,887029.921242686,12000,2290.874438225228
,193,168,887029.921242686,4435.14960621343,5279.94000739694,9715.08961361037,2939.1666041176304,884689.1478394066,12000,2284.9103863896307
,194,167,884689.1478394066,4423.445739197034,5297.539807421596,9720.98554661863,2931.3053601066167,882322.9133920916,12000,2279.014453381369
,195,166,882322.9133920916,4411.614566960458,5315.198273446335,9726.812840406794,2923.3590503954847,879931.0741690408,12000,2273.187159593206
,196,165,879931.0741690408,4399.655370845204,5332.91560102449,9732.570971869693,2915.327195226721,877513.4857632429,12000,2267.4290281303074
,197,164,877513.4857632429,4387.5674288162145,5350.6919863612375,9738.259415177452,2907.209312589606,875070.0030894713,12000,2261.740584822548
,198,163,875070.0030894713,4375.350015447357,5368.527626315775,9743.87764176313,2899.004918210518,872600.480381366,12000,2256.1223582368693
,199,162,872600.480381366,4363.00240190683,5386.4227184034935,9749.425120310323,2890.7135255432086,870104.7711885057,12000,2250.574879689677
,200,161,870104.7711885057,4350.523855942529,5404.377460798172,9754.901316740701,2882.3346457590255,867582.7283734666,12000,2245.098683259299
,201,160,867582.7283734666,4337.913641867333,5422.392052334167,9760.3056942015,2873.8677877371083,865034.2041088697,12000,2239.694305798501
,202,159,865034.2041088697,4325.171020544349,5440.466692508614,9765.637713052962,2865.312458054537,862459.0498744155,12000,2234.3622869470382
,203,158,862459.0498744155,4312.295249372078,5458.601581483643,9770.89683085572,2856.6681609764396,859857.1164539084,12000,2229.1031691442804
,204,157,859857.1164539084,4299.285582269542,5476.796920088588,9776.082502358131,2847.934398446066,857228.2539322659,12000,2223.917497641869
,205,156,857228.2539322659,4286.14126966133,5495.052909822218,9781.194179483547,2839.1106700748123,854572.3116925185,12000,2218.8058205164525
,206,155,854572.3116925185,4272.861558462593,5513.369752854958,9786.231311317551,2830.1964731322123,851889.1384127958,12000,2213.7686886824486
,207,154,851889.1384127958,4259.44569206398,5531.747652031142,9791.193344095122,2821.1913025358826,849178.5820633007,12000,2208.8066559048784
,208,153,849178.5820633007,4245.892910316504,5550.186810871246,9796.07972118775,2812.0946508414318,846440.4899032708,12000,2203.9202788122493
,209,152,846440.4899032708,4232.202449516354,5568.68743357415,9800.889883090505,2802.9060082323226,843674.708477929,12000,2199.1101169094945
,210,151,843674.708477929,4218.373542389645,5587.249725019397,9805.623267409042,2793.6248625096987,840881.0836154192,12000,2194.3767325909575
,211,150,840881.0836154192,4204.405418077096,5605.8738907694615,9810.279308846559,2784.250699082166,838059.460423732,12000,2189.7206911534413
,212,149,838059.460423732,4190.29730211866,5624.560137072027,9814.857439190688,2774.783000955533,835209.6832876155,12000,2185.1425608093123
,213,148,835209.6832876155,4176.048416438078,5643.308670862267,9819.357087300345,2765.221248722511,832331.5958654758,12000,2180.6429126996554
,214,147,832331.5958654758,4161.6579793273795,5662.119699765141,9823.77767909252,2755.564920552369,829425.0410862631,12000,2176.22232090748
,215,146,829425.0410862631,4147.125205431315,5680.993432097693,9828.118637529009,2745.8134921805517,826489.861146346,12000,2171.881362470991
,216,145,826489.861146346,4132.4493057317295,5699.930076871351,9832.379382603081,2735.966436898249,823525.8975063729,12000,2167.6206173969185
,217,144,823525.8975063729,4117.6294875318645,5718.929843794256,9836.55933132612,2726.023225541929,820532.9908881206,12000,2163.4406686738803
,218,143,820532.9908881206,4102.664954440603,5737.992943273571,9840.657897714173,2715.9833264828235,817510.9812713298,12000,2159.3421022858274
,219,142,817510.9812713298,4087.554906356649,5757.119586417815,9844.674492774464,2705.8462056163735,814459.7078905284,12000,2155.325507225536
,220,141,814459.7078905284,4072.2985394526418,5776.309985039208,9848.60852449185,2695.611326351631,811379.0092318408,12000,2151.3914755081496
,221,140,811379.0092318408,4056.8950461592044,5795.564351656006,9852.45939781521,2685.2781496006164,808268.7230297854,12000,2147.5406021847903
,222,139,808268.7230297854,4041.3436151489273,5814.882899494859,9856.226514643786,2674.8461337676354,805128.6862640582,12000,2143.773485356214
,223,138,805128.6862640582,4025.6434313202913,5834.265842493175,9859.909273813466,2664.31473473855,801958.7351563036,12000,2140.090726186534
,224,137,801958.7351563036,4009.7936757815182,5853.713395301486,9863.507071083004,2653.6834058700074,798758.7051668721,12000,2136.492928916996
,225,136,798758.7051668721,3993.793525834361,5873.225773285824,9867.019299120186,2642.951597978621,795528.4309915649,12000,2132.9807008798143
,226,135,795528.4309915649,3977.6421549578245,5892.80319253011,9870.445347487934,2632.118759330116,792267.746558365,12000,2129.5546525120662
,227,134,792267.746558365,3961.338732791825,5912.445869838544,9873.784602630369,2621.184335628421,788976.4850241548,12000,2126.2153973696313
,228,133,788976.4850241548,3944.882425120774,5932.154022738006,9877.03644785878,2610.1477700047226,785654.4787714215,12000,2122.96355214122
,229,132,785654.4787714215,3928.2723938571075,5951.927869480466,9880.200263337574,2599.00850300647,782301.5594049474,12000,2119.799736662426
,230,131,782301.5594049474,3911.507797024737,5971.7676290454,9883.275426070137,2587.7659725863405,778917.5577484884,12000,2116.7245739298633
,231,130,778917.5577484884,3894.587788742442,5991.673521142218,9886.26130988466,2576.419614091154,775502.3038414373,12000,2113.7386901153404
,232,129,775502.3038414373,3877.5115192071867,6011.645766212692,9889.157285419878,2564.968860250749,772055.6269354754,12000,2110.8427145801215
,233,128,772055.6269354754,3860.2781346773772,6031.6845854334015,9891.96272011078,2553.413141166807,768577.3554912087,12000,2108.0372798892204
,234,127,768577.3554912087,3842.8867774560435,6051.790200718179,9894.676978174222,2541.751884301635,765067.3171747922,12000,2105.3230218257777
,235,126,765067.3171747922,3825.3365858739608,6071.962834720573,9897.299420594532,2529.9845144669052,761525.3388545385,12000,2102.7005794054676
,236,125,761525.3388545385,3807.6266942726925,6092.202710836308,9899.829405109002,2518.110453812341,757951.2465975145,12000,2100.1705948909985
,237,124,757951.2465975145,3789.7562329875727,6112.510053205762,9902.266286193335,2506.1291218143624,754344.8656661231,12000,2097.733713806665
,238,123,754344.8656661231,3771.7243283306157,6132.885086716448,9904.609415047064,2494.0399352646887,750706.0205146713,12000,2095.3905849529365
,239,122,750706.0205146713,3753.530102573357,6153.328037005503,9906.85813957886,2481.842308258886,747034.5347859247,12000,2093.1418604211394
,240,121,747034.5347859247,3735.1726739296237,6173.839130462187,9909.011804391812,2469.5356521848753,743330.2313076474,12000,2090.988195608188
,241,120,743330.2313076474,3716.651156538237,6194.418594230395,9911.069750768631,2457.11937571139,739592.9320891284,12000,2088.930249231369
,242,119,739592.9320891284,3697.964660445642,6215.066656211163,9913.031316656805,2444.592884776391,735822.4583176937,12000,2086.968683343195
,243,118,735822.4583176937,3679.1122915884685,6235.783545065201,9914.89583665367,2431.9555825754283,732018.6303552039,12000,2085.10416334633
,244,117,732018.6303552039,3660.0931517760196,6256.569490215417,9916.662641991437,2419.2068695499615,728181.2677345384,12000,2083.3373580085627
,245,116,728181.2677345384,3640.906338672692,6277.424721849469,9918.331060522161,2406.3461433756297,724310.1891560645,12000,2081.6689394778386
,246,115,724310.1891560645,3621.5509457803228,6298.3494709223005,9919.900416702623,2393.3727989504746,720405.2124840928,12000,2080.0995832973767
,247,114,720405.2124840928,3602.026062420464,6319.343969158709,9921.370031579172,2380.2862283831137,716466.1547433172,12000,2078.629968420828
,248,113,716466.1547433172,3582.330773716586,6340.408449055904,9922.73922277249,2367.085820980871,712492.8321152421,12000,2077.2607772275096
,249,112,712492.8321152421,3562.464160576211,6361.543143886091,9924.007304462302,2353.7709632378533,708485.0599345939,12000,2075.9926955376977
,250,111,708485.0599345939,3542.4252996729692,6382.748287699043,9925.173587372014,2340.3410388229827,704442.6526857178,12000,2074.8264126279864
,251,110,704442.6526857178,3522.213263428589,6404.024115324707,9926.237378753296,2326.795428567977,700365.4239989611,12000,2073.762621246704
,252,109,700365.4239989611,3501.827119994806,6425.37086237579,9927.197982370595,2313.1335104552845,696253.1866470405,12000,2072.802017629405
,253,108,696253.1866470405,3481.2659332352027,6446.788765250375,9928.054698485577,2299.3546596059673,692105.7525413962,12000,2071.9453015144227
,254,107,692105.7525413962,3460.528762706981,6468.278061134543,9928.806823841525,2285.458248267539,687922.9327285292,12000,2071.1931761584747
,255,106,687922.9327285292,3439.614663642646,6489.838988004993,9929.453651647638,2271.4436458017476,683704.537386326,12000,2070.5463483523617
,256,105,683704.537386326,3418.5226869316302,6511.471784631676,9929.994471563306,2257.3102186723145,679450.3758203665,12000,2070.0055284366936
,257,104,679450.3758203665,3397.251879101833,6533.176690580448,9930.42856968228,2243.0573304326203,675160.2564602187,12000,2069.571430317719
,258,103,675160.2564602187,3375.8012823010936,6554.953946215715,9930.75522851681,2228.6843417133437,670833.9868557163,12000,2069.2447714831906
,259,102,670833.9868557163,3354.169934278582,6576.803792703101,9930.973726981683,2214.1906102100443,666471.3736732233,12000,2069.0262730183167
,260,101,666471.3736732233,3332.3568683661165,6598.726472012112,9931.083340378229,2199.5754906707043,662072.2226918819,12000,2068.916659621771
,261,100,662072.2226918819,3310.36111345941,6620.72222691882,9931.083340378229,2184.838334883211,657636.3387998464,12000,2068.916659621771
,262,99,657636.3387998464,3288.181693999232,6642.791301008549,9930.972995007782,2169.9784916627927,653163.5259905006,12000,2069.0270049922183
,263,98,653163.5259905006,3265.817629952503,6664.933938678578,9930.75156863108,2154.9953068394066,648653.5873586613,12000,2069.24843136892
,264,97,648653.5873586613,3243.267936793307,6687.150385140839,9930.418321934147,2139.8881232450685,644106.3250967656,12000,2069.5816780658533
,265,96,644106.3250967656,3220.5316254838285,6709.4408864246425,9929.97251190847,2124.656280701137,639521.5404910422,12000,2070.0274880915294
,266,95,639521.5404910422,3197.607702455211,6731.805689379392,9929.413391834603,2109.299116005543,634899.0339176684,12000,2070.5866081653967
,267,94,634899.0339176684,3174.495169588342,6754.245041677324,9928.740211265665,2093.8159629199704,630238.604838911,12000,2071.2597887343345
,268,93,630238.604838911,3151.193024194555,6776.759191816247,9927.952216010803,2078.2061521569826,625540.0517992517,12000,2072.0477839891973
,269,92,625540.0517992517,3127.7002589962585,6799.348389122301,9927.04864811856,2062.469011367098,620803.1724214965,12000,2072.95135188144
,270,91,620803.1724214965,3104.0158621074825,6822.012883752708,9926.02874586019,2046.6038651258127,616027.7634028696,12000,2073.9712541398094
,271,90,616027.7634028696,3080.1388170143478,6844.752926698551,9924.891743712898,2030.6100349205703,611213.6205110917,12000,2075.1082562871015
,272,89,611213.6205110917,3056.068102555458,6867.568769787546,9923.636872343004,2014.4868391376806,606360.5385804418,12000,2076.363127656996
,273,88,606360.5385804418,3031.8026929022094,6890.460665686839,9922.263358589049,1998.2335930491834,601468.3115078042,12000,2077.736641410951
,274,87,601468.3115078042,3007.341557539021,6913.428867905795,9920.770425444816,1981.8496087996616,596536.7322486981,12000,2079.2295745551837
,275,86,596536.7322486981,2982.683661243491,6936.473630798815,9919.157292042306,1965.3341953929976,591565.5928132923,12000,2080.842707957694
,276,85,591565.5928132923,2957.8279640664614,6959.595209568144,9917.423173634605,1948.6866586790807,586554.6842624032,12000,2082.5768263653954
,277,84,586554.6842624032,2932.773421312016,6982.7938602667045,9915.56728157872,1931.906301340455,581503.7967034769,12000,2084.43271842128
,278,83,581503.7967034769,2907.5189835173846,7006.069839800927,9913.588823318312,1914.99242287892,576412.719286555,12000,2086.4111766816877
,279,82,576412.719286555,2882.063596432775,7029.423405933597,9911.487002366372,1897.9443196020716,571281.2402002235,12000,2088.5129976336284
,280,81,571281.2402002235,2856.4062010011176,7052.85481728671,9909.261018287827,1880.7612846097895,566109.1466675466,12000,2090.738981712173
,281,80,566109.1466675466,2830.545733337733,7076.364333344332,9906.910066682065,1863.442607780674,560896.2249419829,12000,2093.089933317935
,282,79,560896.2249419829,2804.4811247099146,7099.952214455479,9904.433339165395,1845.9875757584248,555642.2603032859,12000,2095.5666608346055
,283,78,555642.2603032859,2778.2113015164296,7123.618721836999,9901.830023353428,1828.3954719381634,550347.0370533871,12000,2098.1699766465717
,284,77,550347.0370533871,2751.735185266936,7147.364117576456,9899.099302843391,1810.6655764527022,545010.3385122634,12000,2100.9006971566087
,285,76,545010.3385122634,2725.051692561317,7171.188664635044,9896.24035719636,1792.7971661587612,539631.9470137871,12000,2103.7596428036395
,286,75,539631.9470137871,2698.159735068936,7195.0926268504945,9893.25236191943,1774.7895146231222,534211.6439015598,12000,2106.7476380805692
,287,74,534211.6439015598,2671.0582195077986,7219.076268939997,9890.134488447795,1756.6418921087327,528749.2095247285,12000,2109.865511552205
,288,73,528749.2095247285,2643.7460476236424,7243.1398565031295,9886.885904126771,1738.3535655607513,523244.42323378613,12000,2113.1140958732285
,289,72,523244.42323378613,2616.222116168931,7267.283656024807,9883.505772193737,1719.9237985925379,517697.0633763539,12000,2116.4942278062626
,290,71,517697.0633763539,2588.4853168817694,7291.507934878224,9879.993251759994,1701.3518514715856,512106.90729294723,12000,2120.0067482400063
,291,70,512106.90729294723,2560.534536464736,7315.812961327818,9876.347497792554,1682.636981105398,506473.73131272476,12000,2123.6525022074457
,292,69,506473.73131272476,2532.368656563624,7340.199004532243,9872.567661095867,1663.7784410273084,500797.31074921985,12000,2127.432338904133
,293,68,500797.31074921985,2503.986553746099,7364.666334547351,9868.65288829345,1644.7754813822419,495077.4198960548,12000,2131.347111706549
,294,67,495077.4198960548,2475.387099480274,7389.215222329176,9864.60232180945,1625.6273489124187,489313.832022638,12000,2135.3976781905494
,295,66,489313.832022638,2446.5691601131903,7413.84593973694,9860.41509985013,1606.3332869430037,483506.3193698441,12000,2139.58490014987
,296,65,483506.3193698441,2417.5315968492205,7438.558759536063,9856.090356385284,1586.8925353676937,477654.6531456757,12000,2143.9096436147156
,297,64,477654.6531456757,2388.2732657283786,7463.353955401183,9851.627221129562,1567.3043306342486,471758.6035209088,12000,2148.372778870438
,298,63,471758.6035209088,2358.7930176045443,7488.231801919187,9847.024819523731,1547.5679057299656,465817.9396247196,12000,2152.975180476269
,299,62,465817.9396247196,2329.0896981235983,7513.192574592252,9842.28227271585,1527.6824901670914,459832.42954029446,12000,2157.717727284151
,300,61,459832.42954029446,2299.1621477014723,7538.236549840893,9837.398697542365,1507.6473099681787,453801.84030042175,12000,2162.601302457635
,301,60,453801.84030042175,2269.0092015021087,7563.364005007029,9832.373206509137,1487.4615876513826,447725.93788306613,12000,2167.626793490863
,302,59,447725.93788306613,2238.6296894153306,7588.575218357053,9827.204907772384,1467.1245422156971,441604.4872069248,12000,2172.795092227616
,303,58,441604.4872069248,2208.022436034624,7613.870469084911,9821.892905119535,1446.6353891261333,435437.2521269661,12000,2178.1070948804645
,304,57,435437.2521269661,2177.1862606348304,7639.250037315194,9816.436297950026,1425.9933402988363,429223.9954299497,12000,2183.5637020499744
,305,56,429223.9954299497,2146.1199771497486,7664.714204106245,9810.834181255994,1405.197604086145,422964.4788299296,12000,2189.165818744006
,306,55,422964.4788299296,2114.822394149648,7690.263251453265,9805.085645602914,1384.2473852615879,416658.4629637379,12000,2194.914354397086
,307,54,416658.4629637379,2083.2923148186896,7715.897462291443,9799.189777110132,1363.1418850048215,410305.70738645125,12000,2200.810222889868
,308,53,410305.70738645125,2051.5285369322564,7741.617120499081,9793.145657431338,1341.8803008865073,403905.9705668387,12000,2206.854342568662
,309,52,403905.9705668387,2019.5298528341934,7767.422510900744,9786.952363734938,1320.4618268531265,397459.009882791,12000,2213.0476362650625
,310,51,397459.009882791,1987.2950494139552,7793.313919270412,9780.608968684368,1298.8856532117354,390964.58161673235,12000,2219.391031315632
,311,50,390964.58161673235,1954.8229080836618,7819.291632334647,9774.114540418308,1277.1509666146592,384422.44095101237,12000,2225.885459581692
,312,49,384422.44095101237,1922.1122047550618,7845.355937775763,9767.468142530824,1255.256950044122,377832.34196328075,12000,2232.5318574691755
,313,48,377832.34196328075,1889.1617098164038,7871.507124235016,9760.66883405142,1233.202782796819,371194.0376218425,12000,2239.3311659485807
,314,47,371194.0376218425,1855.9701881092126,7897.745481315798,9753.715669425012,1210.9876404684223,364507.2797809951,12000,2246.2843305749884
,315,46,364507.2797809951,1822.5363989049756,7924.07129958685,9746.607698491825,1188.6106949380276,357771.8191763463,12000,2253.3923015081746
,316,45,357771.8191763463,1788.8590958817315,7950.484870585473,9739.343966467204,1166.0711143525361,350987.40542011335,12000,2260.656033532796
,317,44,350987.40542011335,1754.9370271005669,7976.986486820758,9731.923513921325,1143.3680631109755,344153.7869964036,12000,2268.076486078675
,318,43,344153.7869964036,1720.768934982018,8003.576441776828,9724.345376758845,1120.500701848756,337270.71125647554,12000,2275.6546232411547
,319,42,337270.71125647554,1686.3535562823777,8030.255029916084,9716.608586198461,1097.468187421865,330337.9244139813,12000,2283.391413801539
,320,41,330337.9244139813,1651.6896220699066,8057.022546682471,9708.712168752378,1074.2696728909964,323355.1715401899,12000,2291.2878312476223
,321,40,323355.1715401899,1616.7758577009495,8083.879288504747,9700.655146205696,1050.904307505617,316322.19655919075,12000,2299.344853794304
,322,39,316322.19655919075,1581.6109827959538,8110.825552799763,9692.436535595716,1027.3712366879702,309238.742243079,12000,2307.563464404284
,323,38,309238.742243079,1546.193711215395,8137.861637975763,9684.055349191158,1003.6696020170108,302104.55020712025,12000,2315.944650808842
,324,37,302104.55020712025,1510.5227510356012,8164.987843435682,9675.510594471283,979.798541212282,294919.36090489686,12000,2324.489405528717
,325,36,294919.36090489686,1474.5968045244842,8192.204469580469,9666.801274104953,955.7571881177213,287682.9136234341,12000,2333.1987258950467
,326,35,287682.9136234341,1438.4145681171703,8219.511817812403,9657.926385929573,931.5446726854057,280394.9464783071,12000,2342.0736140704266
,327,34,280394.9464783071,1401.9747323915353,8246.910190538443,9648.884922929978,907.1601209592288,273055.19640872785,12000,2351.1150770700224
,328,33,273055.19640872785,1365.2759820436393,8274.39989117357,9639.67587321721,882.6026550585143,265663.39917261276,12000,2360.3241267827907
,329,32,265663.39917261276,1328.3169958630638,8301.981224144149,9630.298220007213,857.8713931615621,258219.28934163018,12000,2369.701779992787
,330,31,258219.28934163018,1291.096446708151,8329.654494891296,9620.750941599446,832.9654494891297,250722.60029622802,12000,2379.2490584005536
,331,30,250722.60029622802,1253.6130014811401,8357.420009874268,9611.033011355408,807.8839342878458,243173.0642206416,12000,2388.9669886445918
,332,29,243173.0642206416,1215.865321103208,8385.278076573848,9601.143397677057,782.6259538135591,235570.4120978813,12000,2398.856602322943
,333,28,235570.4120978813,1177.8520604894065,8413.22900349576,9591.081063985166,757.1906103146184,227914.37370470015,12000,2408.918936014834
,334,27,227914.37370470015,1139.5718685235008,8441.27310017408,9580.84496869758,731.5770020150869,220204.67760654114,12000,2419.15503130242
,335,26,220204.67760654114,1101.0233880327057,8469.41067717466,9570.434065207364,705.7842230978883,212441.05115246438,12000,2429.5659347926357
,336,25,212441.05115246438,1062.205255762322,8497.642046098576,9559.847301860897,679.8113636878861,204623.2204700537,12000,2440.1526981391034
,337,24,204623.2204700537,1023.1161023502685,8525.96751958557,9549.083621935839,653.6575098348939,196750.910460303,12000,2450.916378064161
,338,23,196750.910460303,983.7545523015151,8554.387411317522,9538.141963619037,627.3217434966183,188823.8447924821,12000,2461.8580363809633
,339,22,188823.8447924821,944.1192239624105,8582.902036021913,9527.021259984323,600.803142521534,180841.74589898172,12000,2472.9787400156765
,340,21,180841.74589898172,904.2087294949087,8611.51170947532,9515.72043897023,574.100780631688,172804.3349701381,12000,2484.279561029771
,341,20,172804.3349701381,864.0216748506905,8640.216748506904,9504.238423357594,547.2137274054373,164711.33194903663,12000,2495.761576642406
,342,19,164711.33194903663,823.5566597451832,8669.017471001927,9492.57413074711,520.1410482601157,156562.45552629483,12000,2507.4258692528892
,343,18,156562.45552629483,782.8122776314741,8697.914195905269,9480.726473536743,492.88180443463193,148357.4231348242,12000,2519.2735264632574
,344,17,148357.4231348242,741.7871156741211,8726.907243224952,9468.694358899073,465.4350529719975,140095.95094457123,12000,2531.3056411009275
,345,16,140095.95094457123,700.4797547228562,8755.996934035702,9456.476688758557,437.7998467017851,131777.75385723732,12000,2543.5233112414426
,346,15,131777.75385723732,658.8887692861866,8785.183590482487,9444.072359768674,409.9752342225161,123402.54550097734,12000,2555.927640231326
,347,14,123402.54550097734,617.0127275048867,8814.467535784095,9431.480263288982,381.9602598839775,114970.03822507724,12000,2568.5197367110177
,348,13,114970.03822507724,574.8501911253862,8843.84909423671,9418.699285362096,353.75396376946844,106479.94309461,12000,2581.300714637904
,349,12,106479.94309461,532.39971547305,8873.3285912175,9405.72830669055,325.355381677975,97931.96988507047,12000,2594.2716933094507
,350,11,97931.96988507047,489.6598494253524,8902.906353188226,9392.566202613578,296.7635451062742,89325.82707698851,12000,2607.433797386422
,351,10,89325.82707698851,446.6291353849426,8932.582707698852,9379.211843083795,267.97748123096557,80661.22185052063,12000,2620.7881569162055
,352,9,80661.22185052063,403.30610925260316,8962.35798339118,9365.664092643783,238.9962128904315,71937.86008001988,12000,2634.335907356217
,353,8,71937.86008001988,359.6893004000994,8992.232510002485,9351.921810402584,209.81875856672465,63155.44632858412,12000,2648.078189597416
,354,7,63155.44632858412,315.7772316429206,9022.20661836916,9337.98385001208,180.4441323673832,54313.68384258234,12000,2662.0161499879196
,355,6,54313.68384258234,271.5684192129117,9052.28064043039,9323.849059643302,150.87134400717315,45412.27454615912,12000,2676.150940356698
,356,5,45412.27454615912,227.0613727307956,9082.454909231823,9309.516281962618,121.09939878975764,36450.91903571705,12000,2690.4837180373815
,357,4,36450.91903571705,182.25459517858528,9112.729758929263,9294.984354107848,91.12729758929262,27429.31657437708,12000,2705.015645892152
,358,3,27429.31657437708,137.1465828718854,9143.10552479236,9280.252107664244,60.95403683194908,18347.165086416673,12000,2719.7478923357558
,359,2,18347.165086416673,91.73582543208337,9173.582543208337,9265.318368640419,30.578608477361122,9204.161151685697,12000,2734.681631359581
,360,1,9204.161151685697,46.02080575842849,9204.161151685697,9250.181957444125,0,0,12000,2749.818042555875
